weight,max_displacement,feasible,rank,crowding_distance,used_CR,used_F,variables
256.288,2.20975,true,1,inf,0.389128,0.569599,11;0;7;0;5;0;4;0;0;0;2;0;4;0;0;0
257.137,2.20266,true,1,0.0246374,0.486786,0.700144,11;0;7;0;5;0;4;0;0;0;2;1;4;0;0;0
261.22,2.17206,true,1,0.0246327,0.499105,0.421638,12;0;7;0;5;0;4;0;0;0;2;0;4;0;0;0
262.068,2.16498,true,1,0.00903767,0.332906,0.48655,12;0;7;0;5;0;4;0;0;0;2;1;4;0;0;0
264.614,2.1597,true,1,0.0445526,0.306274,0.602939,12;0;7;0;5;0;4;0;0;0;2;4;4;0;0;0
268.633,2.09464,true,1,0.0472146,0.490022,0.489334,8;0;10;0;10;0;5;0;0;0;0;0;3;0;0;0
269.349,2.08311,true,1,0.0234266,0.476396,0.211581,11;0;7;0;7;0;4;0;0;0;2;4;4;0;0;0
274.157,2.05958,true,1,0.0708657,0.402688,0.714737,11;0;7;0;7;0;5;0;0;0;2;4;4;0;0;0
280.553,1.95499,true,1,0.0253904,0.338344,0.580328,12;0;8;0;8;0;4;0;0;0;2;0;4;0;0;0
285.484,1.92271,true,1,0.0319639,0.429055,0.52765,13;0;8;0;8;0;4;0;0;0;2;0;4;0;0;0
288.457,1.89138,true,1,0.0219045,0.455559,0.540177,13;0;11;0;8;0;5;0;0;0;0;0;3;0;0;0
289.681,1.88824,true,1,0.0326036,0.259598,0.644553,10;0;11;0;8;0;5;0;0;0;1;5;3;1;0;0
294.029,1.84026,true,1,0.0374396,0.342091,0.409537,13;0;11;0;8;0;5;0;0;0;1;0;3;0;0;0
297.423,1.82719,true,1,0.0147501,0.569098,0.552036,13;0;11;0;8;0;5;0;0;0;1;4;3;0;0;0
301.518,1.82189,true,1,0.0114345,0.518535,0.586155,13;0;13;0;8;0;5;0;0;0;0;4;3;0;0;0
302.957,1.8127,true,1,0.0244033,0.440227,0.666918,13;0;14;0;8;0;5;0;0;0;0;0;3;0;0;0
303.316,1.7817,true,1,0.0277468,0.521935,0.632486,13;0;11;0;8;0;5;0;1;0;0;0;4;0;0;0
306.71,1.76859,true,1,0.0112004,0.29161,0.547379,13;0;11;0;8;0;5;0;1;0;0;4;4;0;0;0
309.161,1.7511,true,1,0.0185588,0.590921,0.500957,13;0;14;0;8;0;5;0;0;0;0;0;3;1;0;0
309.801,1.73894,true,1,0.0124162,0.336937,0.411484,12;0;14;0;8;0;5;0;0;0;1;0;3;1;0;0
312.957,1.73332,true,1,0.00751498,0.447337,0.560455,13;0;12;0;10;0;6;0;0;0;0;0;4;0;0;0
313.179,1.72918,true,1,0.0164573,0.440416,0.403533,15;0;11;0;8;0;5;0;1;0;0;0;4;0;0;0
314.732,1.70674,true,1,0.0208828,0.36112,0.491958,13;0;14;0;8;0;5;0;0;0;1;0;3;1;0;0
319.024,1.69878,true,1,0.0195358,0.276428,0.526857,15;0;14;0;8;0;5;0;0;0;0;0;3;1;0;0
319.513,1.67766,true,1,0.0237503,0.441045,0.135122,15;0;11;0;8;0;4;0;1;0;2;0;4;0;0;0
324.347,1.66297,true,1,0.018272,0.259145,0.575451,15;0;14;0;8;0;4;0;0;0;2;0;4;0;0;0
325.802,1.65159,true,1,0.0124908,0.570811,0.737994,13;0;14;0;8;0;5;0;0;0;1;2;6;0;0;0
325.802,1.6421,true,1,0.00842349,0.447967,0.955433,13;0;11;0;11;0;5;0;0;0;1;2;6;0;0;0
329.408,1.64048,true,1,0.0237265,0.48557,0.893635,15;0;14;0;8;0;5;0;0;0;0;0;5;1;0;0
333.968,1.60897,true,1,0.0276468,0.394454,0.693184,15;0;14;0;8;0;5;0;0;0;1;0;6;0;0;0
337.118,1.6002,true,1,0.0145845,0.327979,0.592936,15;0;14;0;8;0;5;0;0;0;1;0;6;0;0;1
337.362,1.5871,true,1,0.0131244,0.448958,0.454815,15;0;11;0;11;0;5;0;0;0;1;4;6;0;0;0
338.846,1.57929,true,1,0.00895198,0.347945,0.619661,15;0;15;0;10;0;4;0;0;0;2;0;4;0;0;0
340.172,1.57435,true,1,0.0200067,0.473859,0.513753,15;0;14;0;8;0;5;0;0;0;1;0;6;1;0;0
346.316,1.5519,true,1,0.0307148,0.639588,0.550514,17;0;14;0;9;0;3;0;0;0;2;2;6;0;0;0
348.468,1.51905,true,1,0.0142111,0.570339,0.694137,15;0;14;0;11;0;5;0;0;0;1;0;6;0;0;0
353.934,1.51203,true,1,0.011241,0.410775,0.668257,15;0;14;0;12;0;5;0;0;0;0;0;6;1;0;0
354.407,1.50528,true,1,0.0162334,0.295111,0.49248,15;0;14;0;11;0;5;0;0;0;1;7;6;0;0;0
356.206,1.4863,true,1,0.0208526,0.688959,0.913277,17;0;12;0;12;0;5;0;0;0;1;2;5;1;0;0
358.983,1.47375,true,1,0.0092968,0.513018,0.769528,15;0;16;0;11;0;5;0;0;0;1;1;6;0;0;0
364.074,1.46698,true,1,0.0114712,0.392227,0.791776,15;0;16;0;11;0;5;0;0;0;1;7;6;0;0;0
372.559,1.46465,true,1,0.00720459,0.235008,0.108056,15;0;15;0;11;0;4;0;0;0;2;1;5;2;2;0
373.731,1.45689,true,1,0.0138578,0.58747,0.400416,15;0;20;0;10;0;6;0;0;0;0;1;5;1;0;0
374.132,1.44233,true,1,0.0123345,0.470621,0.697147,16;0;17;0;13;0;5;0;0;0;1;7;3;1;0;0
374.459,1.43458,true,1,0.00705808,0.266207,0.113465,15;0;16;0;11;0;5;0;0;0;1;7;8;0;0;0
376.219,1.42623,true,1,0.00634138,0.374862,0.735425,15;0;14;0;12;0;5;0;0;0;4;0;6;1;0;0
376.428,1.42553,true,1,0.00235308,0.452022,0.460771,16;0;13;0;5;0;6;0;5;0;1;2;4;2;0;0
378.628,1.42443,true,1,0.006018,0.502661,0.590771,18;0;14;0;12;0;6;0;0;0;0;6;6;1;0;0
379.065,1.41765,true,1,0.0114756,0.500102,0.425751,20;0;14;0;11;0;5;0;0;0;1;7;6;0;0;0
379.311,1.40094,true,1,0.0144242,0.63209,0.418654,17;0;16;0;11;0;7;0;0;0;1;2;6;0;0;0
380.603,1.38206,true,1,0.0166807,0.278354,0.743606,15;0;16;0;11;0;4;0;0;1;2;1;5;2;0;0
389.927,1.37806,true,1,0.0122173,0.37959,0.717287,17;0;16;0;11;0;7;0;0;1;0;5;6;0;0;0
390.417,1.36567,true,1,0.0173465,0.485849,0.205405,15;0;16;0;11;0;4;0;0;1;3;6;5;2;0;0
394.383,1.35244,true,1,0.0277008,0.512109,0.549053,17;0;17;0;12;0;4;0;0;0;3;0;8;0;0;0
399.021,1.32613,true,1,0.0238641,0.420299,0.599513,20;0;16;0;12;0;5;0;0;0;1;0;7;1;0;0
407.983,1.3241,true,1,0.00959306,0.165974,0.654406,18;0;15;0;12;0;11;0;0;0;1;0;6;1;0;0
408.392,1.31835,true,1,0.011313,0.425804,0.606029,15;0;17;0;17;0;5;0;0;0;1;1;9;0;0;0
408.439,1.30512,true,1,0.0172375,0.358044,0.55137,20;0;18;0;12;0;4;0;0;0;2;0;8;0;0;0
416.595,1.29639,true,1,0.0099813,0.356272,0.524092,15;0;17;0;17;0;6;0;0;0;1;5;9;0;0;0
416.712,1.29566,true,1,0.0160444,0.422605,0.649704,19;0;21;0;12;0;4;0;0;0;2;7;6;0;0;1
421.563,1.27066,true,1,0.0216885,0.378691,0.57352,23;0;15;0;10;0;7;0;0;1;1;0;8;0;0;0
423.783,1.26023,true,1,0.00849401,0.412647,0.561612,19;0;21;0;12;0;6;0;0;0;2;4;6;0;0;1
425.765,1.25266,true,1,0.0105388,0.489851,0.629678,18;0;15;0;13;0;4;0;0;1;2;9;11;0;0;0
427.669,1.24575,true,1,0.0090203,0.590577,0.36302,19;0;20;0;15;0;5;0;0;0;3;0;6;0;0;0
429.651,1.23575,true,1,0.00659413,0.61636,0.458077,18;0;16;1;14;0;5;0;0;2;3;0;5;1;0;0
432.132,1.23361,true,1,0.00541289,0.500423,0.324507,23;0;17;0;15;0;6;0;0;0;2;0;6;0;0;0
434.69,1.23114,true,1,0.00867482,0.500883,0.605753,18;0;19;0;14;0;5;0;0;2;0;2;6;1;0;1
442.895,1.22774,true,1,0.00342683,0.384893,0.549777,21;0;16;0;11;0;11;0;0;0;2;0;7;2;0;1
443.453,1.22674,true,1,0.00103426,0.578466,0.493835,21;0;19;0;13;0;10;0;0;0;0;2;7;1;0;0
443.486,1.22651,true,1,0.00883716,0.540037,0.275702,22;0;21;0;13;1;6;0;0;1;0;2;5;0;0;0
446.861,1.2127,true,1,0.0141483,0.382606,0.485457,23;0;16;1;11;0;4;0;0;1;3;2;6;4;0;0
448.364,1.20567,true,1,0.00665485,0.24139,0.277199,18;0;18;0;13;0;4;0;1;1;2;0;5;6;0;0
448.871,1.20315,true,1,0.00257611,0.602126,0.434327,20;0;5;0;2;0;5;0;13;1;0;6;10;0;0;1
449.673,1.20247,true,1,0.00583636,0.258052,0.266809,20;0;18;0;12;1;4;0;0;1;2;10;9;0;0;2
450.026,1.18169,true,1,0.0126371,0.382552,0.484968,23;0;20;0;15;0;6;0;0;0;2;4;6;0;0;0
454.242,1.17677,true,1,0.00771913,0.530697,0.661296,23;0;16;0;10;0;8;0;2;0;3;0;8;1;0;0
458.196,1.17601,true,1,0.0117389,0.580387,0.650192,22;0;16;0;13;0;8;0;0;2;0;0;8;1;0;1
460.133,1.15988,true,1,0.00349114,0.330693,0.480189,19;0;17;0;16;0;5;0;0;1;7;0;6;1;0;0
460.173,1.15793,true,1,0.00287517,0.527269,0.487052,22;0;19;0;13;0;8;0;0;2;0;0;5;2;0;0
463.223,1.15781,true,1,0.00296536,0.55143,0.450767,19;0;20;1;14;0;7;0;0;0;3;0;9;2;0;0
463.293,1.15574,true,1,0.00450664,0.405238,0.18638,23;0;19;0;14;0;5;0;1;1;0;4;9;0;0;0
465.715,1.15239,true,1,0.0111766,0.462737,0.946743,22;0;15;1;12;0;9;0;5;0;1;2;5;1;0;0
467.373,1.14035,true,1,0.0347044,0.536591,0.683314,21;0;16;0;11;0;9;0;0;1;5;2;8;2;0;0
468.365,1.09532,true,1,0.0303072,0.400064,0.458643,21;0;20;0;14;0;7;0;0;1;3;0;6;2;0;0
480.573,1.08982,true,1,0.0165592,0.463435,0.333467,16;0;15;0;12;0;9;0;7;1;2;0;7;1;0;0
492.341,1.06567,true,1,0.0144125,0.470134,0.381478,20;0;17;0;15;0;9;0;0;1;2;4;9;4;0;1
496.073,1.0525,true,1,0.0154042,0.604022,0.433847,22;0;16;0;11;0;7;0;3;1;4;10;11;0;0;0
504.346,1.05037,true,1,0.00900452,0.367978,0.854325,17;0;16;1;14;0;8;0;5;1;2;7;12;0;0;0
510.158,1.0501,true,1,0.0143984,0.40205,0.58281,23;0;20;0;7;0;11;0;6;1;1;2;8;0;0;0
511.897,1.01382,true,1,0.0156904,0.388028,0.347808,23;0;15;0;13;0;5;0;5;2;1;2;11;1;0;0
512.337,1.00778,true,1,0.00885447,0.485879,0.161938,23;0;19;0;19;0;8;0;0;1;5;1;8;0;0;0
515.073,1,true,1,0.0116198,0.60178,0.361064,23;0;16;0;11;0;5;0;7;2;3;0;7;1;0;0
520.277,0.994244,true,1,0.0142298,0.516527,0.741051,23;0;20;0;14;0;8;0;1;2;4;0;10;0;0;0
526.034,0.985751,true,1,0.0201337,0.485763,0.499943,22;0;18;0;16;0;10;0;2;1;1;0;10;3;0;1
531.125,0.96976,true,1,0.0204658,0.363315,0.548794,23;0;21;0;15;0;8;0;0;1;4;2;12;2;0;0
539.578,0.957683,true,1,0.0203393,0.51422,0.532411,23;0;20;1;16;0;10;0;0;2;3;5;8;3;0;0
541.796,0.938193,true,1,0.0192437,0.406377,0.602457,23;0;22;0;21;0;9;0;0;2;2;4;7;1;0;0
549.901,0.930058,true,1,0.0192824,0.347184,0.725671,23;0;11;0;4;0;7;0;15;2;3;2;9;0;0;0
558.796,0.917542,true,1,0.0133676,0.275373,0.365738,23;0;14;0;12;0;10;0;9;2;1;7;9;1;0;0
560.255,0.910936,true,1,0.01437,0.355074,0.701585,23;0;14;0;12;0;9;0;9;2;4;2;9;0;0;0
576.44,0.90146,true,1,0.0161368,0.474728,0.61222,23;0;16;0;17;0;8;0;9;2;2;0;9;0;0;0
579.258,0.892827,true,1,0.01238,0.490584,0.541737,23;0;15;0;7;0;14;0;12;1;3;0;9;1;0;0
581.274,0.884704,true,1,0.00795739,0.388216,0.389338,22;0;18;0;15;0;11;0;5;2;2;1;10;4;0;1
585.084,0.884576,true,1,0.0141447,0.358,0.458801,23;0;16;0;4;0;7;0;15;2;2;2;11;1;0;0
587.229,0.86596,true,1,0.0185137,0.577397,0.69793,23;0;14;0;12;0;9;0;9;2;4;2;13;1;0;0
596.28,0.856498,true,1,0.017246,0.284508,0.607848,23;0;14;0;12;0;10;0;9;2;4;7;13;1;0;0
609.314,0.855148,true,1,0.0126874,0.466642,0.74975,23;0;13;0;4;0;12;0;13;2;6;6;12;1;0;1
610.36,0.847779,true,1,0.00833954,0.411399,0.566008,23;0;22;0;21;0;11;0;0;2;4;9;13;3;0;0
612.442,0.843742,true,1,0.0103663,0.345409,0.393842,23;0;19;0;20;0;9;0;7;2;4;0;11;0;0;0
614.77,0.834084,true,1,0.0166959,0.518876,0.509507,23;0;14;0;11;0;9;0;13;2;4;3;11;0;0;3
620.958,0.822994,true,1,0.0208783,0.515371,0.557084,22;0;15;0;13;0;10;0;12;2;5;2;11;1;0;0
633.513,0.809312,true,1,0.0124292,0.233064,0.55248,23;0;23;1;12;0;9;0;9;2;4;2;13;1;0;0
634.898,0.809284,true,1,0.0144397,0.345975,0.614415,23;0;22;0;18;0;9;0;7;2;4;0;11;2;1;0
648.701,0.798614,true,1,0.0164056,0.567038,0.647403,23;0;23;3;12;0;11;0;9;2;4;2;13;1;0;0
650.237,0.795354,true,1,0.0111321,0.363061,0.614967,23;0;16;0;14;0;16;0;12;2;2;5;11;1;0;0
659.028,0.789086,true,1,0.0216416,0.66436,0.150483,23;0;23;0;12;0;11;0;10;2;2;0;13;3;0;3
667.147,0.773898,true,1,0.0232798,0.600215,0.80291,23;0;23;0;14;0;11;0;9;3;4;0;14;1;0;0
678.103,0.766826,true,1,0.0153472,0.492472,0.329257,23;0;19;0;13;0;10;0;14;1;6;3;15;1;0;0
684.234,0.761809,true,1,0.00669497,0.334054,0.598508,23;0;12;0;7;0;9;0;23;3;2;6;11;1;0;0
688.755,0.755082,true,1,0.00724579,0.322314,0.542846,23;0;11;0;7;0;9;0;23;3;2;6;11;2;0;1
690.159,0.754847,true,1,0.00421782,0.586874,0.535969,23;0;18;0;20;0;9;0;13;2;4;7;11;3;0;0
691.742,0.750615,true,1,0.00382572,0.391505,0.491048,23;0;22;0;14;0;9;0;13;3;5;0;13;1;0;0
692.015,0.750005,true,1,0.0029858,0.511554,0.496289,23;0;20;0;19;0;10;0;8;3;4;8;16;2;0;2
696.559,0.749956,true,1,0.0102753,0.450029,0.573732,23;0;19;0;17;0;9;0;14;2;4;12;15;0;0;0
708.013,0.7472,true,1,0.0143466,0.429253,0.537185,23;0;18;0;19;0;15;0;10;2;7;2;10;5;0;1
714.893,0.736457,true,1,0.00972104,0.579256,0.411712,23;0;22;0;23;0;14;0;6;3;4;7;18;0;0;1
720.565,0.733214,true,1,0.0101058,0.385307,0.443679,23;0;17;0;19;0;9;0;13;3;3;8;17;3;0;0
725.645,0.727902,true,1,0.0113405,0.564832,0.657284,23;0;16;0;8;0;15;0;17;4;6;0;11;3;0;1
726.272,0.71905,true,1,0.0127206,0.503736,0.236994,23;0;23;0;20;0;12;0;13;3;3;8;10;2;0;0
737.976,0.716701,true,1,0.00529994,0.554471,0.523903,23;0;22;1;18;1;10;0;11;3;7;10;14;2;0;0
743.987,0.716333,true,1,0.00600943,0.450338,0.4114,23;0;20;2;11;0;17;0;14;4;3;8;12;4;0;0
744.539,0.712473,true,1,0.00508602,0.43392,0.359775,23;0;19;0;13;0;10;0;14;5;7;3;15;1;0;2
746.138,0.709602,true,1,0.00517231,0.307259,0.381148,23;0;13;0;8;0;9;0;23;4;5;0;15;2;0;0
746.815,0.70571,true,1,0.00748675,0.358206,0.66965,23;0;13;0;4;1;16;0;23;3;6;4;13;1;0;0
751.965,0.702158,true,1,0.00952949,0.477489,0.639761,23;0;23;0;22;0;12;0;12;2;7;6;16;0;0;0
754.34,0.696336,true,1,0.0111716,0.559135,0.596261,23;0;19;0;19;0;14;0;13;3;5;12;13;3;0;2
766.257,0.696236,true,1,0.0121281,0.240413,0.641911,23;0;14;0;8;0;15;0;23;4;2;0;15;2;0;1
769.927,0.689973,true,1,0.00876808,0.633674,0.586147,23;0;23;2;23;0;10;0;12;3;4;3;18;2;0;0
784.689,0.685651,true,1,0.013975,0.385912,0.496728,23;0;23;0;23;0;14;0;12;3;10;4;14;0;0;0
788.739,0.677111,true,1,0.0119337,0.584521,0.490189,23;0;23;0;23;0;14;0;14;2;3;4;20;1;0;0
795.122,0.67157,true,1,0.0155864,0.512525,0.513766,22;0;14;0;8;0;15;0;23;4;7;7;15;2;0;1
800.054,0.660859,true,1,0.0138626,0.318555,0.435565,23;0;14;0;8;0;15;0;23;4;7;7;15;2;0;1
808.914,0.660568,true,1,0.0124144,0.470668,0.632251,23;0;16;0;13;0;14;0;23;2;8;5;15;1;0;4
818.531,0.655238,true,1,0.0113266,0.45906,0.525974,23;0;16;0;13;0;16;0;23;2;8;5;15;1;0;4
825.092,0.648662,true,1,0.0258876,0.69753,0.629824,23;0;23;0;21;0;19;0;14;3;5;8;16;2;1;1
844.266,0.634676,true,1,0.0295676,0.259723,0.274306,23;0;23;0;13;0;21;0;20;3;4;8;15;3;0;1
864.168,0.634145,true,1,0.0185417,0.201763,0.422983,23;0;23;0;17;0;11;0;17;5;7;12;21;1;1;3
872.507,0.629033,true,1,0.0120713,0.523578,0.530405,23;0;20;0;14;0;15;0;23;4;9;17;17;0;0;0
876.907,0.62524,true,1,0.00582789,0.466979,0.40946,23;0;23;0;19;0;23;0;16;4;8;9;13;3;0;3
877.049,0.623244,true,1,0.0107039,0.473046,0.548443,23;0;23;0;23;0;17;0;16;3;8;17;18;3;0;0
892.265,0.621107,true,1,0.0145147,0.548222,0.309143,23;0;22;0;23;1;19;0;20;3;4;7;20;0;0;1
898.564,0.618278,true,1,0.00905164,0.442584,0.458775,23;0;15;0;14;1;22;0;23;3;7;4;22;1;0;4
904.166,0.614223,true,1,0.00560818,0.508606,0.62846,23;0;23;0;12;0;11;0;23;5;7;7;22;1;2;3
904.969,0.61292,true,1,0.00412052,0.638155,0.632673,23;0;19;0;20;0;20;0;19;5;9;6;17;3;0;0
909.129,0.611753,true,1,0.0101792,0.129451,0.471147,23;0;21;0;14;1;11;0;22;4;8;4;22;4;0;6
915.68,0.605382,true,1,0.0166102,0.427784,0.67688,23;0;21;0;17;0;12;0;23;5;6;7;17;6;0;4
927.988,0.600733,true,1,0.011366,0.529695,0.495566,23;0;22;1;18;0;14;1;22;3;10;11;21;3;0;3
937.768,0.598377,true,1,0.00630923,0.401917,0.569502,23;0;23;0;23;0;20;0;17;3;9;7;23;3;2;1
937.831,0.597261,true,1,0.00445517,0.356409,0.4152,23;0;23;0;21;0;23;0;21;4;6;0;19;3;0;0
942.557,0.594736,true,1,0.00550162,0.499061,0.661437,23;0;23;0;12;0;16;0;23;6;11;5;22;1;0;0
948.272,0.593427,true,1,0.00585643,0.42218,0.257887,23;0;23;0;14;0;23;0;23;2;6;4;23;6;0;3
949.171,0.589594,true,1,0.00629767,0.565957,0.317313,23;0;23;0;23;0;20;0;19;4;11;4;21;2;0;0
955.045,0.588899,true,1,0.0137858,0.500924,0.954407,23;0;23;0;23;0;19;1;23;3;9;7;20;1;0;1
969.289,0.584584,true,1,0.0157495,0.316309,0.22025,23;0;23;0;19;0;23;0;23;2;6;4;23;6;0;2
975.228,0.580506,true,1,0.0097262,0.555902,0.736416,23;0;23;1;15;0;23;1;23;3;9;10;23;3;0;3
980.394,0.574186,true,1,0.00732582,0.430119,0.594458,23;0;23;0;23;0;23;0;23;3;6;16;21;2;0;3
981.094,0.573376,true,1,0.00449758,0.430913,0.323924,23;0;23;0;17;0;22;0;23;3;11;8;23;3;0;2
991.24,0.573267,true,1,0.00605956,0.43249,0.206723,23;0;23;0;23;0;23;0;23;4;7;22;16;3;0;5
994.645,0.569388,true,1,0.0138581,0.501428,0.557026,23;0;23;0;22;0;23;0;23;4;6;14;23;3;0;0
1010.19,0.567053,true,1,0.0172718,0.435931,0.857802,23;0;23;0;23;0;23;0;23;3;9;7;23;3;2;1
1023.83,0.560524,true,1,0.0210352,0.474714,0.406241,23;0;23;2;20;0;18;0;23;6;10;12;23;3;0;3
1042.03,0.559191,true,1,0.0128257,0.487066,0.582992,23;0;23;0;23;0;23;0;23;3;8;23;23;7;0;4
1045.26,0.558063,true,1,0.0037185,0.621067,0.378219,23;0;23;0;21;1;23;0;23;6;10;23;20;4;0;0
1046.48,0.556932,true,1,0.00249696,0.57291,0.553009,23;0;23;0;23;1;23;0;23;5;10;23;21;4;0;0
1059.41,0.553284,true,1,0.0146989,0.43123,0.423394,23;0;23;0;21;0;23;0;23;6;10;23;20;7;0;1
1067.85,0.5495,true,1,0.0125508,0.316299,0.767389,23;0;23;2;23;1;23;0;23;5;11;19;23;3;0;3
1076.55,0.547637,true,1,0.0147663,0.519801,0.619147,23;1;23;1;23;0;21;0;23;7;9;6;23;4;0;5
1091.99,0.545491,true,1,0.0210405,0.425059,0.595869,23;0;23;1;23;0;23;0;23;8;7;23;23;4;0;5
1111.55,0.542862,true,1,0.0159686,0.517788,0.182598,23;0;23;1;23;0;23;1;23;6;10;19;23;9;0;5
1121.43,0.540852,true,1,0.00575515,0.522673,0.506858,23;0;23;1;23;0;23;0;23;6;14;7;23;5;3;8
1123.84,0.53974,true,1,0.00985192,0.563283,0.475333,23;0;23;0;23;0;23;0;23;6;14;13;23;5;0;13
1138.18,0.539471,true,1,0.00831631,0.329927,0.509754,23;2;23;0;23;3;23;0;23;6;14;10;23;3;0;8
1138.72,0.539265,true,1,0.00360699,0.516972,0.671516,23;1;23;0;23;0;23;0;23;9;11;22;23;2;0;10
1142.63,0.53741,true,1,0.0108047,0.493982,0.633689,23;0;23;0;23;4;23;0;23;6;11;23;23;8;0;6
1154.21,0.534852,true,1,0.0088676,0.325907,0.589874,23;1;23;0;23;0;23;0;23;9;12;23;23;6;0;5
1167.07,0.534205,true,1,0.0136873,0.711802,0.337165,23;1;23;0;23;0;23;0;23;11;12;6;23;6;0;5
1178.96,0.53379,true,1,0.00786311,0.357163,0.417552,23;3;23;0;22;0;23;0;23;8;12;11;23;9;0;9
1181.49,0.532689,true,1,0.00292533,0.391123,0.44591,23;1;23;0;23;0;23;0;23;11;12;23;23;6;0;5
1183.78,0.532285,true,1,0.00220195,0.557451,0.467749,23;1;23;0;23;0;23;0;23;11;15;6;23;6;0;5
1185.01,0.532167,true,1,0.0118858,0.481132,0.563832,23;0;23;0;23;2;23;0;23;7;18;14;23;8;0;10
1204.75,0.531325,true,1,0.0113594,0.527598,0.331146,23;1;23;0;23;1;23;0;23;11;12;23;23;6;3;5
1205.04,0.531237,true,1,0.00554596,0.721986,0.412574,23;0;23;0;23;1;22;0;23;10;19;21;23;8;1;2
1214.54,0.530829,true,1,0.00827858,0.424123,0.9134,23;4;23;0;23;0;23;0;23;8;11;21;23;9;2;11
1219.41,0.529988,true,1,0.00979854,0.482381,0.752062,23;0;23;0;23;0;23;0;23;9;22;23;23;10;1;2
1230.57,0.528122,true,1,0.0118331,0.534478,0.559194,23;1;23;0;23;2;23;0;23;9;16;14;23;14;0;4
1240.31,0.527939,true,1,0.00924066,0.232673,0.877274,23;0;23;0;23;1;23;0;23;10;23;18;23;6;0;11
1247.39,0.527853,true,1,0.00648363,0.499813,0.44676,23;1;23;0;23;6;23;0;23;8;16;14;23;14;0;4
1251.68,0.527352,true,1,0.00482354,0.507807,0.447204,23;3;23;0;23;0;23;0;23;12;17;23;23;4;0;11
1255.4,0.527002,true,1,0.0119508,0.391302,0.531797,23;1;23;1;23;6;23;0;23;8;16;16;23;10;0;13
1271.24,0.524973,true,1,0.0112383,0.524188,0.313316,23;1;23;1;23;1;23;0;23;13;16;14;23;10;0;9
1274.13,0.524483,true,1,0.00704447,0.340856,0.548429,23;1;23;0;23;1;23;0;23;9;16;9;23;15;4;13
1285.16,0.523695,true,1,0.0170148,0.51244,0.564432,23;0;23;0;23;1;23;0;23;12;16;14;23;14;5;6
1303.83,0.522813,true,1,0.0121933,0.346877,0.451007,23;0;23;0;23;1;23;0;23;12;23;23;23;10;5;5
1306.67,0.522704,true,1,0.00570608,0.541181,0.532156,23;2;23;0;23;0;23;0;23;8;23;23;23;12;6;13
1313.63,0.522106,true,1,0.00936576,0.32061,0.493209,23;0;23;0;23;1;23;0;23;12;22;23;23;15;2;5
1322.98,0.521753,true,1,0.0057188,0.503163,0.465101,23;3;23;0;23;0;23;0;23;8;23;23;23;12;7;13
1323.27,0.521229,true,1,0.00523734,0.651648,0.182548,23;2;23;0;23;0;23;0;23;9;23;23;23;15;3;13
1332.06,0.521183,true,1,0.00948413,0.464501,0.248042,23;0;23;1;23;1;23;0;23;12;22;23;23;15;5;5
1340.43,0.520705,true,1,0.00658106,0.527134,0.475241,23;1;23;1;23;1;23;0;23;13;17;8;23;14;6;13
1343.26,0.519932,true,1,0.00620351,0.328326,0.349315,23;2;23;0;23;1;23;0;23;10;23;23;23;17;4;7
1350.26,0.519177,true,1,0.00856841,0.170444,0.616425,23;3;23;0;23;0;23;0;23;10;23;23;23;12;7;13
1362.27,0.518211,true,1,0.0139739,0.424053,0.64452,23;2;23;0;23;3;23;0;23;12;23;22;23;13;2;11
1381.76,0.5179,true,1,0.0118785,0.233187,0.60097,23;3;23;0;23;0;23;0;23;10;23;23;23;12;7;23
1383.68,0.517663,true,1,0.00211471,0.160831,0.492924,23;3;23;0;23;4;23;0;23;9;20;15;23;22;4;11
1384.7,0.517001,true,1,0.00416859,0.381549,0.35422,23;2;23;0;23;2;23;0;23;13;23;23;23;15;2;12
1390.44,0.516784,true,1,0.00548961,0.62368,0.565383,23;2;23;0;23;2;23;0;23;14;23;21;23;14;2;12
1396.45,0.516314,true,1,0.00646267,0.529199,0.559254,23;2;23;0;23;3;23;0;23;13;23;23;23;15;4;10
1404.94,0.515718,true,1,0.0151447,0.350224,0.609488,23;3;23;0;23;2;23;0;23;12;17;23;23;19;5;17
1422.8,0.51475,true,1,0.0149444,0.585269,0.558373,23;4;23;0;23;5;23;0;23;12;17;16;23;16;3;23
1431.46,0.514645,true,1,0.00529346,0.285189,0.72114,23;3;23;0;23;3;23;0;23;12;17;23;23;19;5;23
1431.86,0.514061,true,1,0.00888598,0.467078,0.629171,23;4;23;0;23;3;23;0;23;14;19;23;23;17;4;13
1446.92,0.513458,true,1,0.0135348,0.491082,0.444453,23;5;23;0;23;3;23;0;23;13;23;11;23;13;8;16
1456.47,0.513306,true,1,0.0109566,0.475503,0.501977,23;2;23;0;23;2;23;0;23;13;23;23;23;21;5;18
1466.69,0.512982,true,1,0.00709754,0.501859,0.557561,23;2;23;0;23;4;23;0;23;15;23;23;23;18;6;12
1469.02,0.512757,true,1,0.00233189,0.359958,0.523896,23;4;23;0;23;1;23;0;23;15;23;14;23;15;11;13
1470.03,0.512071,true,1,0.00520357,0.46358,0.514285,23;4;23;0;23;3;23;0;23;13;23;23;23;15;6;23
1477.64,0.511816,true,1,0.00469915,0.23801,0.414459,23;4;23;0;23;4;23;0;23;13;23;23;23;15;6;23
1486.95,0.511337,true,1,0.00733657,0.296957,0.348055,23;8;23;0;23;3;23;0;23;12;17;23;23;19;5;23
1490.88,0.511225,true,1,0.00702674,0.524329,0.484521,23;4;23;0;23;3;23;0;23;16;23;23;23;17;4;16
1499.63,0.511024,true,1,0.005444,0.577829,0.790885,23;5;23;0;23;4;23;0;23;12;23;18;23;23;2;23
1506.11,0.510712,true,1,0.00582172,0.391139,0.378324,23;4;23;0;23;5;23;0;23;16;23;23;23;17;4;16
1511.16,0.510686,true,1,0.00543377,0.575136,0.630075,23;6;23;0;23;0;23;0;23;15;23;15;23;23;6;14
1515.01,0.509635,true,1,0.00728552,0.391387,0.589044,23;5;23;0;23;3;23;0;23;13;23;23;23;23;6;18
1523.26,0.509397,true,1,0.00735157,0.410841,0.612423,23;5;23;0;23;2;23;0;23;15;23;23;23;22;5;18
1530.61,0.509145,true,1,0.00297676,0.561403,0.528434,23;4;23;0;23;2;23;0;23;15;23;19;23;23;8;18
1533.12,0.508945,true,1,0.001676,0.341616,0.630912,23;6;23;0;23;2;23;0;23;14;23;23;23;23;8;15
1533.38,0.508834,true,1,0.00715103,0.386893,0.653352,23;7;23;0;23;5;23;0;23;13;23;14;23;22;5;18
1546.15,0.508753,true,1,0.00885688,0.625408,0.470584,23;4;23;0;23;4;23;0;23;16;23;23;23;23;6;16
1549.03,0.508136,true,1,0.00276992,0.628575,0.422361,23;7;23;0;23;5;23;0;23;13;23;14;23;22;8;18
1550.45,0.507986,true,1,0.00536937,0.564066,0.424188,23;7;23;0;23;3;23;0;23;16;23;23;23;16;6;23
1558.78,0.507958,true,1,0.00730111,0.389791,0.484297,23;6;23;0;23;4;23;0;23;14;23;23;23;23;10;15
1563.3,0.50737,true,1,0.00834017,0.491976,0.558813,23;8;23;0;23;4;23;0;23;13;23;23;23;23;5;22
1573.03,0.506851,true,1,0.0107076,0.503558,0.492064,23;6;23;0;23;3;23;0;23;15;23;19;23;23;8;22
1582.49,0.506772,true,1,0.00706364,0.59762,0.443572,23;8;23;1;23;3;23;0;23;13;23;23;23;23;9;23
1585.45,0.506248,true,1,0.00483642,0.645667,0.563137,23;7;23;0;23;3;23;0;23;15;23;23;23;23;7;23
1590.74,0.50612,true,1,0.00745284,0.310232,0.644226,23;8;23;0;23;3;23;0;23;15;23;10;23;23;8;23
1599.1,0.506073,true,1,0.00635149,0.533027,0.397683,23;6;23;0;23;3;23;0;23;15;23;19;23;23;13;22
1602.18,0.505817,true,1,0.00563112,0.592959,0.913542,23;8;23;0;23;1;23;0;23;15;23;23;23;23;11;23
1608.91,0.505501,true,1,0.00621763,0.575667,0.611509,23;8;23;0;23;1;23;0;23;16;23;21;23;23;10;23
1613.17,0.505137,true,1,0.00854766,0.533114,0.389719,23;8;23;0;23;3;23;0;23;15;23;18;23;23;11;23
1624.38,0.504999,true,1,0.0062082,0.310025,0.613037,23;10;23;0;23;1;23;0;23;15;23;23;23;23;11;23
1624.47,0.504957,true,1,0.00368989,0.356655,0.258554,23;9;23;0;23;7;23;0;23;14;23;23;23;23;7;23
1630.64,0.504468,true,1,0.004787,0.539018,0.688314,23;8;23;0;23;5;23;0;23;16;23;23;23;23;8;23
1633.41,0.504411,true,1,0.00295857,0.389024,0.5152,23;10;23;0;23;3;23;0;23;15;23;23;23;22;11;23
1638.11,0.504365,true,1,0.00413617,0.316423,0.212356,23;9;23;0;23;7;23;0;23;15;23;23;23;23;7;23
1641,0.504345,true,1,0.00461154,0.28271,0.56343,23;9;23;0;23;5;23;0;23;17;23;23;23;19;10;23
1646.6,0.504317,true,1,0.00415759,0.601277,0.678482,23;9;23;0;23;7;23;0;23;17;23;23;23;23;4;22
1648.16,0.503849,true,1,0.00753039,0.426422,0.418713,23;9;23;0;23;3;23;0;23;17;23;14;23;23;11;23
1659.61,0.503449,true,1,0.00857105,0.447274,0.112,23;9;23;0;23;5;23;0;23;17;23;23;23;22;10;23
1668.87,0.503156,true,1,0.00381578,0.405891,0.914624,23;11;23;0;23;6;23;0;23;16;23;21;23;22;9;23
1669.98,0.503112,true,1,0.00784441,0.39329,0.593034,23;10;23;0;23;5;23;0;23;17;23;16;23;22;11;23
1683.13,0.502917,true,1,0.00885694,0.588216,0.653444,23;11;23;0;23;1;23;0;23;19;23;21;23;23;10;23
1685.88,0.50265,true,1,0.00471555,0.392998,0.351647,23;12;23;0;23;3;23;0;23;16;23;23;23;23;13;23
1691.42,0.502501,true,1,0.00851289,0.470638,0.491476,23;10;23;0;23;7;23;0;23;17;23;16;23;23;11;23
1701.24,0.502106,true,1,0.00969916,0.586323,0.808763,23;11;23;0;23;7;23;0;23;18;23;23;23;23;7;23
1711.13,0.501924,true,1,0.00200595,0.415399,0.503799,23;12;23;0;23;7;23;0;23;16;23;23;23;23;12;23
1712.33,0.501752,true,1,0.00327278,0.411273,0.823083,23;12;23;0;23;7;23;0;23;18;23;23;23;23;7;23
1716.91,0.50167,true,1,0.00504629,0.538119,0.423845,23;11;23;0;23;3;23;0;23;21;23;23;23;23;8;23
1721.5,0.501584,true,1,0.00366038,0.490328,0.306006,23;13;23;0;23;2;23;0;23;20;23;15;23;23;10;23
1723.43,0.501431,true,1,0.00334895,0.487928,0.570386,23;13;23;0;23;7;23;0;23;18;23;23;23;23;7;23
1727.44,0.501342,true,1,0.00558232,0.536,0.389938,23;13;23;0;23;2;23;0;23;20;23;22;23;23;10;23
1733.63,0.501303,true,1,0.0037543,0.429035,0.515188,23;15;23;0;23;2;23;0;23;18;23;23;23;23;12;23
1734.14,0.50111,true,1,0.00253889,0.454333,0.452771,23;14;23;0;23;6;23;0;23;17;23;23;23;23;11;23
1738.04,0.501036,true,1,0.00239069,0.490467,0.317635,23;12;23;0;23;7;23;0;23;20;23;15;23;23;8;23
1738.41,0.500968,true,1,0.00582228,0.462748,0.581172,23;12;23;0;23;7;23;0;23;18;23;23;23;23;12;23
1748.74,0.50096,true,1,0.00685213,0.564906,0.543074,23;10;23;0;23;3;23;0;23;23;23;23;23;23;11;23
1751.04,0.500917,true,1,0.00168268,0.394793,0.382865,23;14;23;0;23;9;23;0;23;17;23;16;23;23;11;23
1751.47,0.500603,true,1,0.00271168,0.412322,0.250392,23;12;23;0;23;6;23;0;23;19;23;19;23;23;14;23
1755.66,0.500539,true,1,0.00455842,0.283171,0.211893,23;12;23;0;23;6;23;0;23;20;23;14;23;23;13;23
1759.84,0.500536,true,1,0.00416723,0.643587,0.61175,23;11;23;0;23;3;23;0;23;23;23;23;23;23;11;23
1763.33,0.500496,true,1,0.00355185,0.435075,0.842133,23;12;23;0;23;2;23;0;23;23;23;23;23;23;11;23
1766.29,0.500418,true,1,0.00325313,0.45281,0.109064,23;11;23;0;23;5;23;0;23;22;22;23;23;23;13;23
1769.17,0.500326,true,1,0.00311879,0.592859,0.135989,23;16;23;0;23;7;23;0;23;17;23;23;23;23;12;23
1771.71,0.500087,true,1,0.0033472,0.398757,0.563973,23;15;23;0;23;7;23;0;23;18;23;23;23;23;12;23
1775.07,0.500056,true,1,0.00381634,0.417344,0.435008,23;11;23;0;23;5;23;0;23;23;23;23;23;23;11;23
1778.56,0.499885,true,1,0.00545797,0.385106,0.607801,23;12;23;0;23;4;23;0;23;23;23;23;23;23;11;23
1784.96,0.499848,true,1,0.00567789,0.326369,0.318546,23;15;23;0;23;6;23;0;23;18;23;23;23;23;16;23
1788.99,0.499635,true,1,0.0040991,0.220923,0.328764,23;12;23;0;23;4;23;0;23;23;23;23;23;23;13;23
1792.3,0.499579,true,1,0.00510674,0.362158,0.535759,23;14;23;0;23;8;23;0;23;19;23;23;23;23;14;23
1798.33,0.499534,true,1,0.00447497,0.508078,0.464101,23;11;23;0;23;6;23;0;23;23;23;23;23;23;14;23
1800.39,0.499404,true,1,0.00157025,0.327939,0.547067,23;14;23;0;23;9;23;0;23;21;23;16;23;23;10;23
1801.08,0.499386,true,1,0.0005857,0.509664,0.597337,23;13;23;0;23;7;23;0;23;23;23;23;23;22;10;23
1801.4,0.499334,true,1,0.00143704,0.549386,0.167395,23;12;23;0;23;7;23;0;23;23;23;23;23;23;11;23
1803.57,0.499226,true,1,0.00237672,0.521729,0.361801,23;14;23;0;23;3;23;0;23;23;23;23;23;23;13;23
1805.56,0.499103,true,1,0.00458487,0.388928,0.373865,23;14;23;0;23;6;23;0;23;23;23;23;23;23;9;23
1811.82,0.499006,true,1,0.00454943,0.494347,0.693136,23;15;23;0;23;8;23;0;23;20;23;23;23;23;13;23
1813.82,0.498957,true,1,0.00158173,0.446656,0.473389,23;15;23;0;23;3;23;0;23;23;23;22;23;23;13;23
1815.32,0.498892,true,1,0.00118298,0.51209,0.607635,23;13;23;0;23;6;23;0;23;23;23;23;23;23;13;23
1816.65,0.498805,true,1,0.00287686,0.615153,0.152899,23;15;23;0;23;6;23;0;23;23;23;23;23;23;9;23
1820.53,0.498789,true,1,0.00312231,0.211386,0.486518,23;13;23;0;23;6;23;0;23;23;23;23;23;23;14;23
1822.29,0.498665,true,1,0.00188525,0.445022,0.453658,23;15;23;0;23;4;23;0;23;23;23;23;23;23;13;23
1823.87,0.498647,true,1,0.00268393,0.417406,0.381422,23;14;23;0;23;6;23;0;23;23;23;20;23;23;13;23
1827.09,0.498508,true,1,0.00528585,0.534946,0.493594,23;15;23;0;23;6;23;0;23;23;23;23;23;23;11;23
1833.38,0.498393,true,1,0.00420393,0.446607,0.568961,23;16;23;0;23;4;23;0;23;23;23;23;23;23;13;23
1834.7,0.498352,true,1,0.00314455,0.399614,0.577306,23;15;23;0;23;7;23;0;23;23;23;23;23;23;11;23
1839.11,0.498299,true,1,0.00357733,0.364614,0.595449,23;15;23;0;23;8;23;0;23;22;23;23;23;23;13;23
1841.25,0.498286,true,1,0.0020362,0.654784,0.287029,23;17;23;0;23;7;23;0;23;23;23;23;23;23;8;23
1842.73,0.498165,true,1,0.00219359,0.590684,0.239175,23;15;23;0;23;6;23;0;23;23;23;23;23;23;14;23
1845.13,0.498116,true,1,0.00193696,0.472561,0.44065,23;15;23;0;23;7;23;0;23;23;23;23;23;23;13;23
1846.22,0.49807,true,1,0.00264734,0.421565,0.694929,23;16;23;0;23;5;23;0;23;23;23;23;23;23;14;23
1849.95,0.498041,true,1,0.00266108,0.470896,0.493292,23;18;23;0;23;6;23;0;23;23;23;23;23;23;9;23
1851.02,0.497952,true,1,0.00256115,0.496958,0.740864,23;16;23;0;23;7;23;0;23;23;23;23;23;23;12;23
1854.53,0.497892,true,1,0.00419067,0.557408,0.258457,23;16;23;0;23;7;23;0;23;23;23;21;23;23;13;23
1858.63,0.497819,true,1,0.00513649,0.64034,0.485615,23;16;23;0;23;8;23;0;23;23;23;23;23;23;12;23
1863.85,0.497708,true,1,0.0034073,0.563924,0.555423,23;16;23;0;23;8;23;0;23;23;23;23;23;23;13;23
1864.75,0.497643,true,1,0.000626806,0.449741,0.481855,23;18;23;0;23;6;23;0;23;23;23;22;23;23;12;23
1864.93,0.497637,true,1,0.000472632,0.26979,0.456933,23;17;23;0;23;6;23;0;23;23;23;23;23;23;14;23
1865.6,0.497618,true,1,0.00355325,0.620727,0.771996,23;18;23;0;23;6;23;0;23;23;23;23;23;23;12;23
1871.46,0.497592,true,1,0.00496063,0.3986,0.85714,23;16;23;0;23;9;23;0;23;23;23;23;23;23;13;23
1874.75,0.497585,true,1,0.00287512,0.634526,0.469835,23;18;23;0;23;4;23;0;23;23;23;21;23;23;17;23
1876.68,0.497492,true,1,0.00380656,0.42157,0.422445,23;16;23;0;23;9;23;0;23;23;23;23;23;23;14;23
1881.66,0.497459,true,1,0.003477,0.384574,0.700144,23;18;23;0;23;4;23;0;23;23;23;23;23;23;18;23
1883,0.497383,true,1,0.00176757,0.611242,0.498965,23;20;23;0;23;4;23;0;23;23;23;23;23;23;14;23
1884.73,0.497269,true,1,0.00270151,0.450798,0.499355,23;19;23;0;23;5;23;0;23;23;23;23;23;23;15;23
1887.83,0.497181,true,1,0.00321584,0.359086,0.338614,23;19;23;0;23;7;23;0;23;23;23;21;23;23;13;23
1890.61,0.497162,true,1,0.00417809,0.44852,0.973395,23;20;23;0;23;5;23;0;23;23;23;23;23;23;14;23
1895.41,0.497037,true,1,0.00585513,0.459354,0.433078,23;20;23;0;23;7;23;0;23;23;23;23;23;23;12;23
1901.28,0.496996,true,1,0.00476281,0.424357,0.486129,23;18;23;0;23;10;23;0;23;23;23;23;23;23;13;23
1904.09,0.496907,true,1,0.00219188,0.449875,0.244246,23;18;23;0;23;9;23;0;23;23;23;23;23;23;15;23
1905.17,0.496849,true,1,0.00194275,0.444179,0.489204,23;19;23;0;23;7;23;0;23;23;23;23;23;23;16;23
1907.57,0.496802,true,1,0.00263367,0.35066,0.195295,23;19;23;0;23;8;23;0;23;23;23;23;23;23;15;23
1909.97,0.496778,true,1,0.00418022,0.271774,0.725488,23;19;23;0;23;9;23;0;23;23;23;23;23;23;14;23
1915.19,0.496686,true,1,0.00392115,0.49918,0.518799,23;19;23;0;23;9;23;0;23;23;23;23;23;23;15;23
1920.41,0.496601,true,1,0.00247049,0.438452,0.619085,23;19;23;0;23;9;23;0;23;23;23;23;23;23;16;23
1921.49,0.496565,true,1,0.00133492,0.368881,0.378678,23;20;23;0;23;7;23;0;23;23;23;23;23;23;17;23
1922.83,0.496554,true,1,0.0026155,0.191783,0.413352,23;22;23;0;23;7;23;0;23;23;23;23;23;23;13;23
1926.31,0.496545,true,1,0.00227451,0.356728,0.385855,23;23;23;0;23;6;23;0;23;23;23;23;23;23;13;23
1926.96,0.49648,true,1,0.00287685,0.567001,0.397561,23;21;23;0;23;9;23;0;23;23;23;23;23;23;13;23
1931.53,0.496442,true,1,0.00287514,0.445977,0.699119,23;23;23;0;23;6;23;0;23;23;23;23;23;23;14;23
1932.17,0.49638,true,1,0.00252589,0.519343,0.466681,23;21;23;0;23;9;23;0;23;23;23;23;23;23;14;23
1936.11,0.496353,true,1,0.00248576,0.595906,0.45925,23;21;23;0;23;7;23;0;23;23;23;21;23;23;18;23
1936.74,0.496347,true,1,0.00167864,0.460858,0.66407,23;23;23;0;23;6;23;0;23;23;23;23;23;23;15;23
1939.14,0.496284,true,1,0.00249713,0.555195,0.620375,23;23;23;0;23;7;23;0;23;23;23;23;23;23;14;23
1941.29,0.496276,true,1,0.0015315,0.371542,0.551043,23;22;23;0;23;6;23;0;23;23;23;23;23;23;18;23
1941.94,0.496246,true,1,0.00170681,0.427418,0.625181,23;20;23;0;23;9;23;0;23;23;23;23;23;23;18;23
1944.36,0.496191,true,1,0.00266021,0.323079,0.67226,23;23;23;0;23;7;23;0;23;23;23;23;23;23;15;23
1946.76,0.496149,true,1,0.00286645,0.46966,0.983739,23;23;23;0;23;8;23;0;23;23;23;23;23;23;14;23
1949.57,0.496105,true,1,0.00287052,0.463885,0.593268,23;23;23;0;23;7;23;0;23;23;23;23;23;23;16;23
1951.97,0.496056,true,1,0.00417204,0.470313,0.740129,23;23;23;0;23;8;23;0;23;23;23;23;23;23;15;23
1957.19,0.495971,true,1,0.0041506,0.478481,0.60277,23;23;23;0;23;8;23;0;23;23;23;23;23;23;16;23
1959.59,0.495939,true,1,0.00226085,0.452933,0.622339,23;23;23;0;23;9;23;0;23;23;23;23;23;23;15;23
1961.32,0.495921,true,1,0.00307123,0.463235,0.559377,23;22;23;0;23;10;23;0;23;23;23;23;23;23;16;23
1965.22,0.495887,true,1,0.00322729,0.590925,0.663915,23;23;23;0;23;7;23;0;23;23;23;23;23;23;19;23
1967.2,0.495836,true,1,0.00133459,0.409218,0.316253,23;23;23;0;23;10;23;0;23;23;23;23;23;23;15;23
1967.62,0.495821,true,1,0.00112537,0.522822,0.734945,23;23;23;0;23;8;23;0;23;23;23;23;23;23;18;23
1974.82,0.495744,true,1,0.00464723,0.317308,0.410892,23;23;23;0;23;11;23;0;23;23;23;23;23;23;15;23
1977.63,0.495674,true,1,0.00416069,0.558509,0.6332,23;23;23;0;23;10;23;0;23;23;23;23;23;23;17;23
1982.43,0.495662,true,1,0.0041661,0.322377,0.438049,23;23;23;0;23;12;23;0;23;23;23;23;23;23;15;23
1985.25,0.495582,true,1,0.00286544,0.550123,0.465601,23;23;23;0;23;11;23;0;23;23;23;23;23;23;17;23
1987.65,0.495578,true,1,0.00154788,0.416193,0.510383,23;23;23;0;23;12;23;0;23;23;23;23;23;23;16;23
1988.06,0.495535,true,1,0.00155962,0.507715,0.461364,23;23;23;0;23;10;23;0;23;23;23;23;23;23;19;23
1990.46,0.495511,true,1,0.00261267,0.640764,0.592924,23;23;23;0;23;11;23;0;23;23;23;23;23;23;18;23
1992.86,0.4955,true,1,0.00154223,0.437671,0.8318,23;23;23;0;23;12;23;0;23;23;23;23;23;23;17;23
1993.28,0.495473,true,1,0.00155335,0.634723,0.540209,23;23;23;0;23;10;23;0;23;23;23;23;23;23;20;23
1995.68,0.495444,true,1,0.0026183,0.5164,0.374259,23;23;23;0;23;11;23;0;23;23;23;23;23;23;19;23
1998.08,0.495429,true,1,0.00260251,0.413638,0.464219,23;23;23;0;23;12;23;0;23;23;23;23;23;23;18;23
2000.48,0.495427,true,1,0.00175389,0.429969,0.598487,23;23;23;0;23;13;23;0;23;23;23;23;23;23;17;23
2001.31,0.495413,true,1,0.00116799,0.493321,0.524317,23;23;23;0;23;9;23;0;23;23;23;23;23;23;23;23
2002.63,0.495412,true,1,0.00110157,0.664129,0.542884,23;22;23;0;23;12;23;0;23;23;23;23;23;23;21;23
2003.29,0.495362,true,1,0.00169043,0.501952,0.505406,23;23;23;0;23;12;23;0;23;23;23;23;23;23;19;23
2005.69,0.495355,true,1,0.00154264,0.594899,0.592911,23;23;23;0;23;13;23;0;23;23;23;23;23;23;18;23
2006.11,0.495324,true,1,0.00177058,0.480878,0.439501,23;23;23;0;23;11;23;0;23;23;23;23;23;23;21;23
2008.93,0.495311,true,1,0.00237542,0.395874,0.696734,23;23;23;0;23;10;23;0;23;23;23;23;23;23;23;23
2010.48,0.495295,true,1,0.0010849,0.387761,0.444801,23;23;23;0;23;11;23;0;23;23;23;22;23;23;22;23
2010.91,0.495288,true,1,0.000472787,0.416726,0.343641,23;23;23;0;23;13;23;0;23;23;23;23;23;23;19;23
2011.33,0.49527,true,1,0.00154735,0.420016,0.555783,23;23;23;0;23;11;23;0;23;23;23;23;23;23;22;23
2013.73,0.495242,true,1,0.00261789,0.632015,0.395319,23;23;23;0;23;12;23;0;23;23;23;23;23;23;21;23
2016.13,0.495226,true,1,0.00153386,0.49912,0.242778,23;23;23;0;23;13;23;0;23;23;23;23;23;23;20;23
2016.54,0.495219,true,1,0.00154276,0.489069,0.426148,23;23;23;0;23;11;23;0;23;23;23;23;23;23;23;23
2018.94,0.495188,true,1,0.00262212,0.540569,0.492464,23;23;23;0;23;12;23;0;23;23;23;23;23;23;22;23
2021.34,0.495168,true,1,0.00237349,0.683048,0.59165,23;23;23;0;23;13;23;0;23;23;23;23;23;23;21;23
2023.31,0.495162,true,1,0.00153858,0.518221,0.500041,23;23;23;0;23;12;23;0;23;23;23;22;23;23;23;23
2024.16,0.495137,true,1,0.00308624,0.56375,0.710288,23;23;23;0;23;12;23;0;23;23;23;23;23;23;23;23
2028.96,0.495101,true,1,0.00415611,0.518942,0.664308,23;23;23;0;23;14;23;0;23;23;23;23;23;23;21;23
2031.77,0.495063,true,1,0.00544352,0.371131,0.462014,23;23;23;0;23;13;23;0;23;23;23;23;23;23;23;23
2038.97,0.495041,true,1,0.00415216,0.557864,0.565775,23;23;23;0;23;16;23;0;23;23;23;23;23;23;20;23
2039.39,0.494995,true,1,0.00414291,0.515488,0.524689,23;23;23;0;23;14;23;0;23;23;23;23;23;23;23;23
2046.59,0.49499,true,1,0.00414875,0.403334,0.567944,23;23;23;0;23;17;23;0;23;23;23;23;23;23;20;23
2047,0.494933,true,1,0.00285076,0.685414,0.47985,23;23;23;0;23;15;23;0;23;23;23;23;23;23;23;23
2051.8,0.494931,true,1,0.00319889,0.635659,0.574039,23;23;23;0;23;17;23;0;23;23;23;23;23;23;21;23
2052.92,0.494929,true,1,0.00155217,0.434881,0.600625,23;23;23;0;23;16;23;0;23;23;23;21;23;23;23;23
2054.62,0.494877,true,1,0.00509006,0.630095,0.644744,23;23;23;0;23;16;23;0;23;23;23;23;23;23;23;23
2062.23,0.494825,true,1,0.00828403,0.642822,0.523671,23;23;23;0;23;17;23;0;23;23;23;23;23;23;23;23
2069.85,0.494776,true,1,0.00827967,0.558192,0.57042,23;23;23;0;23;18;23;0;23;23;23;23;23;23;23;23
2077.46,0.494732,true,1,0.00827579,0.344935,0.598999,23;23;23;0;23;19;23;0;23;23;23;23;23;23;23;23
2085.08,0.49469,true,1,0.00779942,0.471552,0.521445,23;23;23;0;23;20;23;0;23;23;23;23;23;23;23;23
2091.85,0.494677,true,1,0.00413534,0.492497,0.536964,23;23;23;0;23;21;23;0;23;23;23;22;23;23;23;23
2092.69,0.494652,true,1,0.00460677,0.349835,0.457881,23;23;23;0;23;21;23;0;23;23;23;23;23;23;23;23
2100.31,0.494615,true,1,0.00779348,0.526866,0.493605,23;23;23;0;23;22;23;0;23;23;23;23;23;23;23;23
2107.08,0.494607,true,1,0.00413253,0.483974,0.547664,23;23;23;0;23;23;23;0;23;23;23;22;23;23;23;23
2107.92,0.494581,true,1,inf,0.671558,0.437717,23;23;23;0;23;23;23;0;23;23;23;23;23;23;23;23
